<?xml version="1.0" encoding="UTF-8" ?>
<!DOCTYPE mapper
        PUBLIC "-//mybatis.org//DTD Mapper 3.0//EN"
        "http://mybatis.org/dtd/mybatis-3-mapper.dtd">

<mapper namespace="org.scoula.board.mapper.BoardMapper">
<!--    no는 자동증가 값이라 생략-->
<!--    LAST_INSERT_ID : 가장 최근에 발급된 아이디-->
<!--    keyProperty: vo객체의 key는 어디에 있는지(setNo로 값을 넣어라)-->
<!--    keyColumn : 테이블의 퀄럼명이 뭔지-->
<!--    order: 이 쿼리를 언제시작할 건지(after : insert문 후에 실행)-->
    <insert id="create">
        insert into tbl_board (title, content,writer)
        values (#{title}, #{content}, #{writer})

        <selectKey resultType="Long" keyProperty="no" keyColumn="no" order="AFTER">
            SELECT LAST_INSERT_ID()
        </selectKey>
    </insert>

    <insert id="createAttachment">
        insert into tbl_board_attachment(filename, path, content_type, size, bno)
        values(#{filename}, #{path}, #{contentType}, #{size}, #{bno})
    </insert>

    <!--    tbl_board의 no가 일치하는 행에서 title,content,writer 컬럼을 우리가 넣어준 값으로 수정-->
<!--    update,date는 현재 시간으로 수정-->
    <update id="update">
        update tbl_board set
             title = #{title},
             content = #{content},
             writer = #{writer},
             update_date = now()
        where no = #{no}
    </update>

<!--    해당 no 컬럼과 일치하는 행을 삭제-->
    <delete id="delete">
        delete from tbl_board where no = #{no}
    </delete>

    <delete id="deleteAttachment">
        delete from tbl_board_attachment
        where no = #{no}
    </delete>

    <select id="getList" resultType="BoardVO">
        <![CDATA[
            select * from tbl_board
            order by no desc
        ]]>
    </select>

    <select id="get" resultMap="boardMap">
        select b.*, a.no as ano, a.bno, a.filename, a.path,
               a.content_type, a.size, a.reg_date as a_reg_date
        from tbl_board b
               left outer join tbl_board_attachment a
               on b.no = a.bno
        where b.no = #{no}
        order by filename
    </select>

    <select id="getAttachment" resultType="BoardAttachmentVO">
        select * from tbl_board_attachment
        where no = #{no}
    </select>

    <select id="getAttachmentList" resultType="BoardAttachmentVO">
        select * from tbl_board_attachment
        where bno = #{bno}
        order by filename
    </select>

    <resultMap id="attachmentMap" type="org.scoula.board.domain.BoardAttachmentVO">
        <id column="ano" property="no"/>
        <result column="bno" property="bno"/>
        <result column="filename" property="filename"/>
        <result column="path" property="path"/>
        <result column="contentType" property="contentType"/>
        <result column="size" property="size"/>
        <result column="a_reg_date" property="regDate"/>
    </resultMap>

    <resultMap id="boardMap" type="org.scoula.board.domain.BoardVO">
        <id column="no" property="no"/>
        <result column="title" property="title"/>
        <result column="content" property="content"/>
        <result column="writer" property="writer"/>
        <result column="reg_date" property="regDate"/>
        <result column="update_date" property="updateDate"/>
        <collection property="attaches" resultMap="attachmentMap"/>
    </resultMap>

</mapper>